INSERT INTO geodb_locations VALUES(32383,100600000);
GO
INSERT INTO geodb_coordinates VALUES(32383,200100000,47.06895262060281,9.499397277832031,null,null,null,'3000-01-01',300500000);
GO
INSERT INTO geodb_textdata VALUES(32383,400100000,'151364',null,null,null,null,null,'3000-01-01',300500000);
GO
INSERT INTO geodb_textdata VALUES(32383,400200000,'6',null,null,null,null,null,'3000-01-01',300500000);
GO
INSERT INTO geodb_textdata VALUES(32383,400300000,'Gemeinde','de',1,1,null,null,'3000-01-01',300500000);
GO
INSERT INTO geodb_textdata VALUES(32383,500100000,'Balzers','de',1,1,null,null,'3000-01-01',300500000);
GO
INSERT INTO geodb_textdata VALUES(32383,500600000,'G7003',null,null,null,null,null,'3000-01-01',300500000);
GO
INSERT INTO geodb_textdata VALUES(32383,500300000,'9496',null,null,null,null,null,'3000-01-01',300500000);
GO
INSERT INTO geodb_intdata  VALUES(32383,600700000,4450,null,null,'3000-01-01',300500000);
GO
INSERT INTO geodb_floatdata  VALUES(32383,610000000,19.6,0,null,'3000-01-01',300500000);
GO
INSERT INTO geodb_locations VALUES(32384,100700000);
GO
INSERT INTO geodb_coordinates VALUES(32384,200100000,47.21298032252528 ,9.521799087524414 ,null,null,null,'3000-01-01',300500000);
GO
INSERT INTO geodb_textdata VALUES(32384,400100000,'151372',null,null,null,null,null,'3000-01-01',300500000);
GO
INSERT INTO geodb_textdata VALUES(32384,400200000,'7',null,null,null,null,null,'3000-01-01',300500000);
GO
INSERT INTO geodb_textdata VALUES(32384,400300000,'Ort','de',1,1,null,null,'3000-01-01',300500000);
GO
INSERT INTO geodb_textdata VALUES(32384,500100000,'Eschen','de',1,1,null,null,'3000-01-01',300500000);
GO
INSERT INTO geodb_textdata VALUES(32384,500300000,'9492',null,null,null,null,null,'3000-01-01',300500000);
GO
INSERT INTO geodb_intdata  VALUES(32384,600700000,4141,null,null,'3000-01-01',300500000);
GO
INSERT INTO geodb_floatdata  VALUES(32384,610000000,10.3,0,null,'3000-01-01',300500000);
GO
INSERT INTO geodb_locations VALUES(32385,100600000);
GO
INSERT INTO geodb_coordinates VALUES(32385,200100000,47.21642006708719,9.507637023925781,null,null,null,'3000-01-01',300500000);
GO
INSERT INTO geodb_textdata VALUES(32385,400100000,'151362',null,null,null,null,null,'3000-01-01',300500000);
GO
INSERT INTO geodb_textdata VALUES(32385,400200000,'6',null,null,null,null,null,'3000-01-01',300500000);
GO
INSERT INTO geodb_textdata VALUES(32385,400300000,'Gemeinde','de',1,1,null,null,'3000-01-01',300500000);
GO
INSERT INTO geodb_textdata VALUES(32385,500100000,'Gamprin','de',1,1,null,null,'3000-01-01',300500000);
GO
INSERT INTO geodb_textdata VALUES(32385,500600000,'G7009',null,null,null,null,null,'3000-01-01',300500000);
GO
INSERT INTO geodb_textdata VALUES(32385,500300000,'9487',null,null,null,null,null,'3000-01-01',300500000);
GO
INSERT INTO geodb_intdata  VALUES(32385,600700000,1463,null,null,'3000-01-01',300500000);
GO
INSERT INTO geodb_floatdata  VALUES(32385,610000000,6.1,0,null,'3000-01-01',300500000);
GO
INSERT INTO geodb_locations VALUES(32386,100700000);
GO
INSERT INTO geodb_coordinates VALUES(32386,200100000,47.21968470299384,9.540596008300781,null,null,null,'3000-01-01',300500000);
GO
INSERT INTO geodb_textdata VALUES(32386,400100000,'151374',null,null,null,null,null,'3000-01-01',300500000);
GO
INSERT INTO geodb_textdata VALUES(32386,400200000,'7',null,null,null,null,null,'3000-01-01',300500000);
GO
INSERT INTO geodb_textdata VALUES(32386,400300000,'Ort','de',1,1,null,null,'3000-01-01',300500000);
GO
INSERT INTO geodb_textdata VALUES(32386,500100000,'Mauren','de',1,1,null,null,'3000-01-01',300500000);
GO
INSERT INTO geodb_textdata VALUES(32386,500300000,'9493',null,null,null,null,null,'3000-01-01',300500000);
GO
INSERT INTO geodb_intdata  VALUES(32386,600700000,3718,null,null,'3000-01-01',300500000);
GO
INSERT INTO geodb_floatdata  VALUES(32386,610000000,7.5,0,null,'3000-01-01',300500000);
GO
INSERT INTO geodb_locations VALUES(32387,100700000);
GO
INSERT INTO geodb_coordinates VALUES(32387,200100000,47.19711963167912,9.5416259765625,null,null,null,'3000-01-01',300500000);
GO
INSERT INTO geodb_textdata VALUES(32387,400100000,'151372',null,null,null,null,null,'3000-01-01',300500000);
GO
INSERT INTO geodb_textdata VALUES(32387,400200000,'7',null,null,null,null,null,'3000-01-01',300500000);
GO
INSERT INTO geodb_textdata VALUES(32387,400300000,'Ort','de',1,1,null,null,'3000-01-01',300500000);
GO
INSERT INTO geodb_textdata VALUES(32387,500100000,'Nendeln','de',1,1,null,null,'3000-01-01',300500000);
GO
INSERT INTO geodb_textdata VALUES(32387,500300000,'9485',null,null,null,null,null,'3000-01-01',300500000);
GO
INSERT INTO geodb_locations VALUES(32389,100600000);
GO
INSERT INTO geodb_coordinates VALUES(32389,200100000,47.166959583140454,9.509868621826171,null,null,null,'3000-01-01',300500000);
GO
INSERT INTO geodb_textdata VALUES(32389,400100000,'151364',null,null,null,null,null,'3000-01-01',300500000);
GO
INSERT INTO geodb_textdata VALUES(32389,400200000,'6',null,null,null,null,null,'3000-01-01',300500000);
GO
INSERT INTO geodb_textdata VALUES(32389,400300000,'Gemeinde','de',1,1,null,null,'3000-01-01',300500000);
GO
INSERT INTO geodb_textdata VALUES(32389,500100000,'Schaan','de',1,1,null,null,'3000-01-01',300500000);
GO
INSERT INTO geodb_textdata VALUES(32389,500600000,'G7005',null,null,null,null,null,'3000-01-01',300500000);
GO
INSERT INTO geodb_textdata VALUES(32389,500300000,'9494',null,null,null,null,null,'3000-01-01',300500000);
GO
INSERT INTO geodb_intdata  VALUES(32389,600700000,5747,null,null,'3000-01-01',300500000);
GO
INSERT INTO geodb_floatdata  VALUES(32389,610000000,26.8,0,null,'3000-01-01',300500000);
GO
INSERT INTO geodb_locations VALUES(35160,100700000);
GO
INSERT INTO geodb_coordinates VALUES(35160,200100000,47.21134782330764,9.562997817993164,null,null,null,'3000-01-01',300500000);
GO
INSERT INTO geodb_textdata VALUES(35160,400100000,'151374',null,null,null,null,null,'3000-01-01',300500000);
GO
INSERT INTO geodb_textdata VALUES(35160,400200000,'7',null,null,null,null,null,'3000-01-01',300500000);
GO
INSERT INTO geodb_textdata VALUES(35160,400300000,'Ort','de',1,1,null,null,'3000-01-01',300500000);
GO
INSERT INTO geodb_textdata VALUES(35160,500100000,'Schaanwald','de',1,1,null,null,'3000-01-01',300500000);
GO
INSERT INTO geodb_textdata VALUES(35160,500300000,'9486',null,null,null,null,null,'3000-01-01',300500000);
GO
INSERT INTO geodb_locations VALUES(35161,100700000);
GO
INSERT INTO geodb_coordinates VALUES(35161,200100000,47.231575605425384,9.545917510986328,null,null,null,'3000-01-01',300500000);
GO
INSERT INTO geodb_textdata VALUES(35161,400100000,'151368',null,null,null,null,null,'3000-01-01',300500000);
GO
INSERT INTO geodb_textdata VALUES(35161,400200000,'7',null,null,null,null,null,'3000-01-01',300500000);
GO
INSERT INTO geodb_textdata VALUES(35161,400300000,'Ort','de',1,1,null,null,'3000-01-01',300500000);
GO
INSERT INTO geodb_textdata VALUES(35161,500100000,'Schellenberg','de',1,1,null,null,'3000-01-01',300500000);
GO
INSERT INTO geodb_textdata VALUES(35161,500300000,'9488',null,null,null,null,null,'3000-01-01',300500000);
GO
INSERT INTO geodb_intdata  VALUES(35161,600700000,1032,null,null,'3000-01-01',300500000);
GO
INSERT INTO geodb_floatdata  VALUES(35161,610000000,3.5,0,null,'3000-01-01',300500000);
GO
INSERT INTO geodb_locations VALUES(35162,100600000);
GO
INSERT INTO geodb_coordinates VALUES(35162,200100000,47.11336431327773,9.524288177490234,null,null,null,'3000-01-01',300500000);
GO
INSERT INTO geodb_textdata VALUES(35162,400100000,'151364',null,null,null,null,null,'3000-01-01',300500000);
GO
INSERT INTO geodb_textdata VALUES(35162,400200000,'6',null,null,null,null,null,'3000-01-01',300500000);
GO
INSERT INTO geodb_textdata VALUES(35162,400300000,'Gemeinde','de',1,1,null,null,'3000-01-01',300500000);
GO
INSERT INTO geodb_textdata VALUES(35162,500100000,'Triesen','de',1,1,null,null,'3000-01-01',300500000);
GO
INSERT INTO geodb_textdata VALUES(35162,500600000,'G7002',null,null,null,null,null,'3000-01-01',300500000);
GO
INSERT INTO geodb_textdata VALUES(35162,500300000,'9495',null,null,null,null,null,'3000-01-01',300500000);
GO
INSERT INTO geodb_intdata  VALUES(35162,600700000,4705,null,null,'3000-01-01',300500000);
GO
INSERT INTO geodb_floatdata  VALUES(35162,610000000,26.353,0,null,'3000-01-01',300500000);
GO
INSERT INTO geodb_locations VALUES(35163,100600000);
GO
INSERT INTO geodb_coordinates VALUES(35163,200100000,47.118333,9.54167,null,null,null,'3000-01-01',300500000);
GO
INSERT INTO geodb_textdata VALUES(35163,400100000,'151364',null,null,null,null,null,'3000-01-01',300500000);
GO
INSERT INTO geodb_textdata VALUES(35163,400200000,'6',null,null,null,null,null,'3000-01-01',300500000);
GO
INSERT INTO geodb_textdata VALUES(35163,400300000,'Gemeinde','de',1,1,null,null,'3000-01-01',300500000);
GO
INSERT INTO geodb_textdata VALUES(35163,500100000,'Triesenberg','de',1,1,null,null,'3000-01-01',300500000);
GO
INSERT INTO geodb_textdata VALUES(35163,500600000,'G7004',null,null,null,null,null,'3000-01-01',300500000);
GO
INSERT INTO geodb_textdata VALUES(35163,500300000,'9497',null,null,null,null,null,'3000-01-01',300500000);
GO
INSERT INTO geodb_intdata  VALUES(35163,600700000,2566,null,null,'3000-01-01',300500000);
GO
INSERT INTO geodb_floatdata  VALUES(35163,610000000,29.8,0,null,'3000-01-01',300500000);
GO
INSERT INTO geodb_locations VALUES(35164,100600000);
GO
INSERT INTO geodb_coordinates VALUES(35164,200100000,47.14314613309231,9.519309997558593,null,null,null,'3000-01-01',300500000);
GO
INSERT INTO geodb_textdata VALUES(35164,400100000,'151364',null,null,null,null,null,'3000-01-01',300500000);
GO
INSERT INTO geodb_textdata VALUES(35164,400200000,'6',null,null,null,null,null,'3000-01-01',300500000);
GO
INSERT INTO geodb_textdata VALUES(35164,400300000,'Gemeinde','de',1,1,null,null,'3000-01-01',300500000);
GO
INSERT INTO geodb_textdata VALUES(35164,500100000,'Vaduz','de',1,1,null,null,'3000-01-01',300500000);
GO
INSERT INTO geodb_textdata VALUES(35164,500600000,'G7001',null,null,null,null,null,'3000-01-01',300500000);
GO
INSERT INTO geodb_textdata VALUES(35164,500300000,'9490',null,null,null,null,null,'3000-01-01',300500000);
GO
INSERT INTO geodb_intdata  VALUES(35164,600700000,5070,null,null,'3000-01-01',300500000);
GO
INSERT INTO geodb_floatdata  VALUES(35164,610000000,17.3,0,null,'3000-01-01',300500000);
GO
INSERT INTO geodb_locations VALUES(35165,100200000);
GO
INSERT INTO geodb_textdata VALUES(35165,400100000,'104',null,null,null,null,null,'3000-01-01',300500000);
GO
INSERT INTO geodb_textdata VALUES(35165,400200000,'2',null,null,null,null,null,'3000-01-01',300500000);
GO
INSERT INTO geodb_textdata VALUES(35165,500100000,'Fürstentum Liechtenstein','de',1,1,null,null,'3000-01-01',300500000);
GO
INSERT INTO geodb_textdata VALUES(35165,500100002,'LIECHTENSTEIN','de',1,1,null,null,'3000-01-01',300500000);
GO
INSERT INTO geodb_textdata VALUES(35165,500500000,'FL',null,null,null,null,null,'3000-01-01',300500000);
GO
INSERT INTO geodb_locations VALUES(150580,100600000);
GO
INSERT INTO geodb_coordinates VALUES(150580,200100000,47.185629331931395,9.545445442199707,null,null,null,'3000-01-01',300500000);
GO
INSERT INTO geodb_textdata VALUES(150580,400100000,'151364',null,null,null,null,null,'3000-01-01',300500000);
GO
INSERT INTO geodb_textdata VALUES(150580,400200000,'6',null,null,null,null,null,'3000-01-01',300500000);
GO
INSERT INTO geodb_textdata VALUES(150580,400300000,'Gemeinde','de',1,1,null,null,'3000-01-01',300500000);
GO
INSERT INTO geodb_textdata VALUES(150580,500100000,'Planken','de',1,1,null,null,'3000-01-01',300500000);
GO
INSERT INTO geodb_textdata VALUES(150580,500100002,'PLANKEN','de',1,1,null,null,'3000-01-01',300500000);
GO
INSERT INTO geodb_textdata VALUES(150580,500600000,'G7006',null,null,null,null,null,'3000-01-01',300500000);
GO
INSERT INTO geodb_textdata VALUES(150580,500300000,'9498',null,null,null,null,null,'3000-01-01',300500000);
GO
INSERT INTO geodb_intdata  VALUES(150580,600700000,387,null,null,'3000-01-01',300500000);
GO
INSERT INTO geodb_locations VALUES(151347,100700000);
GO
INSERT INTO geodb_coordinates VALUES(151347,200100000,47.062287672433186,9.492874145507812,null,null,null,'3000-01-01',300500000);
GO
INSERT INTO geodb_textdata VALUES(151347,400100000,'32383',null,null,null,null,null,'3000-01-01',300500000);
GO
INSERT INTO geodb_textdata VALUES(151347,400200000,'7',null,null,null,null,null,'3000-01-01',300500000);
GO
INSERT INTO geodb_textdata VALUES(151347,400300000,'Ort','de',1,1,null,null,'3000-01-01',300500000);
GO
INSERT INTO geodb_textdata VALUES(151347,500100000,'Mäls','de',1,1,null,null,'3000-01-01',300500000);
GO
INSERT INTO geodb_textdata VALUES(151347,500100002,'MAELS','de',1,1,null,null,'3000-01-01',300500000);
GO
INSERT INTO geodb_textdata VALUES(151347,500300000,'9496',null,null,null,null,null,'3000-01-01',300500000);
GO
INSERT INTO geodb_locations VALUES(151353,100700000);
GO
INSERT INTO geodb_coordinates VALUES(151353,200100000,47.220675713408426 ,9.509010314941406,null,null,null,'3000-01-01',300500000);
GO
INSERT INTO geodb_textdata VALUES(151353,400100000,'32385',null,null,null,null,null,'3000-01-01',300500000);
GO
INSERT INTO geodb_textdata VALUES(151353,400200000,'7',null,null,null,null,null,'3000-01-01',300500000);
GO
INSERT INTO geodb_textdata VALUES(151353,400300000,'Ort','de',1,1,null,null,'3000-01-01',300500000);
GO
INSERT INTO geodb_textdata VALUES(151353,500100000,'Bendern ','de',1,1,null,null,'3000-01-01',300500000);
GO
INSERT INTO geodb_textdata VALUES(151353,500100002,'BENDERN','de',1,1,null,null,'3000-01-01',300500000);
GO
INSERT INTO geodb_textdata VALUES(151353,500300000,'9487',null,null,null,null,null,'3000-01-01',300500000);
GO
INSERT INTO geodb_locations VALUES(151357,100700000);
GO
INSERT INTO geodb_coordinates VALUES(151357,200100000,47.24130783905019,9.526691436767578,null,null,null,'3000-01-01',300500000);
GO
INSERT INTO geodb_textdata VALUES(151357,400100000,'32388',null,null,null,null,null,'3000-01-01',300500000);
GO
INSERT INTO geodb_textdata VALUES(151357,400200000,'7',null,null,null,null,null,'3000-01-01',300500000);
GO
INSERT INTO geodb_textdata VALUES(151357,500100000,'Ruggell','de',1,1,null,null,'3000-01-01',300500000);
GO
INSERT INTO geodb_textdata VALUES(151357,500100002,'RUGGELL','de',1,1,null,null,'3000-01-01',300500000);
GO
INSERT INTO geodb_textdata VALUES(151357,500300000,'9491',null,null,null,null,null,'3000-01-01',300500000);
GO
INSERT INTO geodb_locations VALUES(151359,100700000);
GO
INSERT INTO geodb_coordinates VALUES(151359,200100000,47.101972739943534 ,9.60780143737793,null,null,null,'3000-01-01',300500000);
GO
INSERT INTO geodb_textdata VALUES(151359,400100000,'35163',null,null,null,null,null,'3000-01-01',300500000);
GO
INSERT INTO geodb_textdata VALUES(151359,400200000,'7',null,null,null,null,null,'3000-01-01',300500000);
GO
INSERT INTO geodb_textdata VALUES(151359,400300000,'Ort','de',1,1,null,null,'3000-01-01',300500000);
GO
INSERT INTO geodb_textdata VALUES(151359,500100000,'Malbun','de',1,1,null,null,'3000-01-01',300500000);
GO
INSERT INTO geodb_textdata VALUES(151359,500100002,'MALBUN','de',1,1,null,null,'3000-01-01',300500000);
GO
INSERT INTO geodb_textdata VALUES(151359,500300000,'9497',null,null,null,null,null,'3000-01-01',300500000);
GO
INSERT INTO geodb_locations VALUES(151362,100500000);
GO
INSERT INTO geodb_textdata VALUES(151362,400100000,'35165',null,null,null,null,null,'3000-01-01',300500000);
GO
INSERT INTO geodb_textdata VALUES(151362,400200000,'5',null,null,null,null,null,'3000-01-01',300500000);
GO
INSERT INTO geodb_textdata VALUES(151362,400300000,'Wahlkreis','de',1,1,null,null,'3000-01-01',300500000);
GO
INSERT INTO geodb_textdata VALUES(151362,500100000,'Unterland','de',1,1,null,null,'3000-01-01',300500000);
GO
INSERT INTO geodb_textdata VALUES(151362,500100002,'UNTERLAND','de',1,1,null,null,'3000-01-01',300500000);
GO
INSERT INTO geodb_locations VALUES(151364,100500000);
GO
INSERT INTO geodb_textdata VALUES(151364,400100000,'35165',null,null,null,null,null,'3000-01-01',300500000);
GO
INSERT INTO geodb_textdata VALUES(151364,400200000,'5',null,null,null,null,null,'3000-01-01',300500000);
GO
INSERT INTO geodb_textdata VALUES(151364,400300000,'Wahlkreis','de',1,1,null,null,'3000-01-01',300500000);
GO
INSERT INTO geodb_textdata VALUES(151364,500100000,'Oberland','de',1,1,null,null,'3000-01-01',300500000);
GO
INSERT INTO geodb_textdata VALUES(151364,500100002,'OBERLAND','de',1,1,null,null,'3000-01-01',300500000);
GO
INSERT INTO geodb_locations VALUES(151368,100600000);
GO
INSERT INTO geodb_coordinates VALUES(151368,200100000,47.231109345775934,9.546175003051757,null,null,null,'3000-01-01',300500000);
GO
INSERT INTO geodb_textdata VALUES(151368,400100000,'151362',null,null,null,null,null,'3000-01-01',300500000);
GO
INSERT INTO geodb_textdata VALUES(151368,400200000,'6',null,null,null,null,null,'3000-01-01',300500000);
GO
INSERT INTO geodb_textdata VALUES(151368,400300000,'Gemeinde','de',1,1,null,null,'3000-01-01',300500000);
GO
INSERT INTO geodb_textdata VALUES(151368,500100000,'Schellenberg','de',1,1,null,null,'3000-01-01',300500000);
GO
INSERT INTO geodb_textdata VALUES(151368,500100002,'SCHELLENBERG','de',1,1,null,null,'3000-01-01',300500000);
GO
INSERT INTO geodb_textdata VALUES(151368,500600000,'G7011',null,null,null,null,null,'3000-01-01',300500000);
GO
INSERT INTO geodb_textdata VALUES(151368,500300000,'9488',null,null,null,null,null,'3000-01-01',300500000);
GO
INSERT INTO geodb_intdata  VALUES(151368,600700000,1032,null,null,'3000-01-01',300500000);
GO
INSERT INTO geodb_locations VALUES(151370,100700000);
GO
INSERT INTO geodb_coordinates VALUES(151370,200100000,47.220675713408426,9.509439468383789,null,null,null,'3000-01-01',300500000);
GO
INSERT INTO geodb_textdata VALUES(151370,400100000,'32385',null,null,null,null,null,'3000-01-01',300500000);
GO
INSERT INTO geodb_textdata VALUES(151370,400200000,'7',null,null,null,null,null,'3000-01-01',300500000);
GO
INSERT INTO geodb_textdata VALUES(151370,400300000,'Ort','de',1,1,null,null,'3000-01-01',300500000);
GO
INSERT INTO geodb_textdata VALUES(151370,500100000,'Gamprin','de',1,1,null,null,'3000-01-01',300500000);
GO
INSERT INTO geodb_textdata VALUES(151370,500100002,'GAMPRIN','de',1,1,null,null,'3000-01-01',300500000);
GO
INSERT INTO geodb_textdata VALUES(151370,500300000,'9487',null,null,null,null,null,'3000-01-01',300500000);
GO
INSERT INTO geodb_intdata  VALUES(151370,600700000,1463,null,null,'3000-01-01',300500000);
GO
INSERT INTO geodb_locations VALUES(151372,100600000);
GO
INSERT INTO geodb_coordinates VALUES(151372,200100000,47.21298032252528,9.521799087524414,null,null,null,'3000-01-01',300500000);
GO
INSERT INTO geodb_textdata VALUES(151372,400100000,'151362',null,null,null,null,null,'3000-01-01',300500000);
GO
INSERT INTO geodb_textdata VALUES(151372,400200000,'6',null,null,null,null,null,'3000-01-01',300500000);
GO
INSERT INTO geodb_textdata VALUES(151372,400300000,'Gemeinde','de',1,1,null,null,'3000-01-01',300500000);
GO
INSERT INTO geodb_textdata VALUES(151372,500100000,'Eschen','de',1,1,null,null,'3000-01-01',300500000);
GO
INSERT INTO geodb_textdata VALUES(151372,500100002,'ESCHEN','de',1,1,null,null,'3000-01-01',300500000);
GO
INSERT INTO geodb_textdata VALUES(151372,500600000,'G7007',null,null,null,null,null,'3000-01-01',300500000);
GO
INSERT INTO geodb_textdata VALUES(151372,500300000,'9492',null,null,null,null,null,'3000-01-01',300500000);
GO
INSERT INTO geodb_intdata  VALUES(151372,600700000,4141,null,null,'3000-01-01',300500000);
GO
INSERT INTO geodb_locations VALUES(151374,100600000);
GO
INSERT INTO geodb_coordinates VALUES(151374,200100000,47.21968470299384,9.540596008300781,null,null,null,'3000-01-01',300500000);
GO
INSERT INTO geodb_textdata VALUES(151374,400100000,'151362',null,null,null,null,null,'3000-01-01',300500000);
GO
INSERT INTO geodb_textdata VALUES(151374,400200000,'6',null,null,null,null,null,'3000-01-01',300500000);
GO
INSERT INTO geodb_textdata VALUES(151374,400300000,'Gemeinde','de',1,1,null,null,'3000-01-01',300500000);
GO
INSERT INTO geodb_textdata VALUES(151374,500100000,'Mauren','de',1,1,null,null,'3000-01-01',300500000);
GO
INSERT INTO geodb_textdata VALUES(151374,500100002,'MAUREN','de',1,1,null,null,'3000-01-01',300500000);
GO
INSERT INTO geodb_textdata VALUES(151374,500600000,'G7008',null,null,null,null,null,'3000-01-01',300500000);
GO
INSERT INTO geodb_textdata VALUES(151374,500300000,'9493',null,null,null,null,null,'3000-01-01',300500000);
GO
INSERT INTO geodb_intdata  VALUES(151374,600700000,3718,null,null,'3000-01-01',300500000);
GO
INSERT INTO geodb_locations VALUES(151377,100700000);
GO
INSERT INTO geodb_textdata VALUES(151377,400100000,'35163',null,null,null,null,null,'3000-01-01',300500000);
GO
INSERT INTO geodb_textdata VALUES(151377,400200000,'7',null,null,null,null,null,'3000-01-01',300500000);
GO
INSERT INTO geodb_textdata VALUES(151377,400300000,'Ort','de',1,1,null,null,'3000-01-01',300500000);
GO
INSERT INTO geodb_textdata VALUES(151377,500100000,'Masescha','de',1,1,null,null,'3000-01-01',300500000);
GO
INSERT INTO geodb_textdata VALUES(151377,500100002,'MASESCHA','de',1,1,null,null,'3000-01-01',300500000);
GO
INSERT INTO geodb_locations VALUES(151379,100700000);
GO
INSERT INTO geodb_textdata VALUES(151379,400100000,'35163',null,null,null,null,null,'3000-01-01',300500000);
GO
INSERT INTO geodb_textdata VALUES(151379,400200000,'7',null,null,null,null,null,'3000-01-01',300500000);
GO
INSERT INTO geodb_textdata VALUES(151379,400300000,'Gemeinde','de',1,1,null,null,'3000-01-01',300500000);
GO
INSERT INTO geodb_textdata VALUES(151379,500100000,'Silum','de',1,1,null,null,'3000-01-01',300500000);
GO
INSERT INTO geodb_textdata VALUES(151379,500100002,'SILUM','de',1,1,null,null,'3000-01-01',300500000);
GO
INSERT INTO geodb_locations VALUES(151381,100700000);
GO
INSERT INTO geodb_textdata VALUES(151381,400100000,'35163',null,null,null,null,null,'3000-01-01',300500000);
GO
INSERT INTO geodb_textdata VALUES(151381,400200000,'7',null,null,null,null,null,'3000-01-01',300500000);
GO
INSERT INTO geodb_textdata VALUES(151381,400300000,'Ort','de',1,1,null,null,'3000-01-01',300500000);
GO
INSERT INTO geodb_textdata VALUES(151381,500100000,'Gaflei','de',1,1,null,null,'3000-01-01',300500000);
GO
INSERT INTO geodb_textdata VALUES(151381,500100002,'GAFLEI','de',1,1,null,null,'3000-01-01',300500000);
GO
INSERT INTO geodb_locations VALUES(151383,100700000);
GO
INSERT INTO geodb_textdata VALUES(151383,400100000,'35163',null,null,null,null,null,'3000-01-01',300500000);
GO
INSERT INTO geodb_textdata VALUES(151383,400200000,'7',null,null,null,null,null,'3000-01-01',300500000);
GO
INSERT INTO geodb_textdata VALUES(151383,400300000,'Ort','de',1,1,null,null,'3000-01-01',300500000);
GO
INSERT INTO geodb_textdata VALUES(151383,500100000,'Steg','de',1,1,null,null,'3000-01-01',300500000);
GO
INSERT INTO geodb_textdata VALUES(151383,500100002,'STEG','de',1,1,null,null,'3000-01-01',300500000);
GO
INSERT INTO geodb_locations VALUES(151385,100700000);
GO
INSERT INTO geodb_textdata VALUES(151385,400100000,'35163',null,null,null,null,null,'3000-01-01',300500000);
GO
INSERT INTO geodb_textdata VALUES(151385,400200000,'7',null,null,null,null,null,'3000-01-01',300500000);
GO
INSERT INTO geodb_textdata VALUES(151385,400300000,'Ort','de',1,1,null,null,'3000-01-01',300500000);
GO
INSERT INTO geodb_textdata VALUES(151385,500100000,'Triesenberg','de',1,1,null,null,'3000-01-01',300500000);
GO
INSERT INTO geodb_textdata VALUES(151385,500100002,'TRIESENBERG','de',1,1,null,null,'3000-01-01',300500000);
GO
INSERT INTO geodb_locations VALUES(151387,100700000);
GO
INSERT INTO geodb_coordinates VALUES(151387,200100000,47.06895262060281,9.499397277832031,null,null,null,'3000-01-01',300500000);
GO
INSERT INTO geodb_textdata VALUES(151387,400100000,'32383',null,null,null,null,null,'3000-01-01',300500000);
GO
INSERT INTO geodb_textdata VALUES(151387,400200000,'7',null,null,null,null,null,'3000-01-01',300500000);
GO
INSERT INTO geodb_textdata VALUES(151387,400300000,'Ort','de',1,1,null,null,'3000-01-01',300500000);
GO
INSERT INTO geodb_textdata VALUES(151387,500100000,'Balzers','de',1,1,null,null,'3000-01-01',300500000);
GO
INSERT INTO geodb_textdata VALUES(151387,500100002,'BALZERS','de',1,1,null,null,'3000-01-01',300500000);
GO
INSERT INTO geodb_locations VALUES(153404,100600000);
GO
INSERT INTO geodb_coordinates VALUES(153404,200100000,47.24333,9.529996,null,null,null,'3000-01-01',300500000);
GO
INSERT INTO geodb_textdata VALUES(153404,400100000,'151362',null,null,null,null,null,'3000-01-01',300500000);
GO
INSERT INTO geodb_textdata VALUES(153404,400200000,'6',null,null,null,null,null,'3000-01-01',300500000);
GO
INSERT INTO geodb_textdata VALUES(153404,400300000,'Gemeinde','de',1,1,null,null,'3000-01-01',300500000);
GO
INSERT INTO geodb_textdata VALUES(153404,500100000,'Ruggell','de',1,1,null,null,'3000-01-01',300500000);
GO
INSERT INTO geodb_textdata VALUES(153404,500100002,'RUGGELL','de',1,1,null,null,'3000-01-01',300500000);
GO
INSERT INTO geodb_textdata VALUES(153404,500600000,'G7010',null,null,null,null,null,'3000-01-01',300500000);
GO
INSERT INTO geodb_textdata VALUES(153404,500300000,'9491',null,null,null,null,null,'3000-01-01',300500000);
GO
INSERT INTO geodb_intdata  VALUES(153404,600700000,1966,null,null,'3000-01-01',300500000);
GO
INSERT INTO geodb_locations VALUES(153408,100700000);
GO
INSERT INTO geodb_coordinates VALUES(153408,200100000,47.24333,9.529996,null,null,null,'3000-01-01',300500000);
GO
INSERT INTO geodb_textdata VALUES(153408,400100000,'153404',null,null,null,null,null,'3000-01-01',300500000);
GO
INSERT INTO geodb_textdata VALUES(153408,400200000,'7',null,null,null,null,null,'3000-01-01',300500000);
GO
INSERT INTO geodb_textdata VALUES(153408,400300000,'Ort','de',1,1,null,null,'3000-01-01',300500000);
GO
INSERT INTO geodb_textdata VALUES(153408,500100000,'Ruggell','de',1,1,null,null,'3000-01-01',300500000);
GO
INSERT INTO geodb_textdata VALUES(153408,500100002,'RUGGELL','de',1,1,null,null,'3000-01-01',300500000);
GO
